ID,KEY,YEAR,TYPE,ANNOTATION,TOPICS
_c4723d5d10,Raissi2017,2017,a,"We introduce physics informed neural networks – neural networks that are trained to solve supervised learning tasks while respecting any given law of physics described by general nonlinear partial differential equations. In this two part treatise, we present our developments in the context of solving two main classes of problems: data-driven solution and data-driven discovery of partial differential equations. Depending on the nature and arrangement of the available data, we devise two distinct classes of algorithms, namely continuous time and discrete time models. The resulting neural networks form a new class of data-efficient universal function approximators that naturally encode any underlying physical laws as prior information. In this first part, we demonstrate how these networks can be used to infer solutions to partial difefrential equations, and obtain physics-informed surrogate models that are fully differentiable with respect to all input coordinates and free parameters.",
_0f2bc3d636,Raissi2017,2017,c,"However, more often than not, in the course of analyzing complex physical, biological or engineering systems, the cost of data acquisition is prohibitive, and we are inevitably faced with the challenge of drawing conclusions and making decisions under partial information. In this small data regime, the vast majority of state-of-the art machine learning techniques (e.g., deep/convolutional/recurrent neural networks) are lacking robustness and fail to provide any guarantees of convergence.",
_d4d4710859,Raissi2017,2017,p,"At first sight, the task of training a deep learning algorithm to accurately identify a nonlinear map from a few – potentially very high-dimensional – input and output data pairs seems at best naive. Coming to our rescue, for many cases pertaining to the modeling of physical and biological systems, there a exist a vast amount of prior knowledge that is currently not being utilized in modern machine learning practice. Let it be the principled physical laws that govern the time-dependent dynamics of a system, or some empirical validated rules or other domain expertise, this prior information can act as a regularization agent that constrains the space of admissible solutions to a manageable size (for e.g., in incompressible fluid dynamics problems by discarding any non realistic flow solutions that violate the conservation of mass principle). In return, encoding such structured information into a learning algorithm results in amplifying the information content of the data that the algorithm sees, enabling it to quickly steer itself towards the right solution and generalize well even when only a few training examples are available.","1. Challenge of Deep Learning for Nonlinear Mapping: Training deep learning algorithms to identify nonlinear maps from a few high-dimensional input and output data pairs is challenging and may seem naive.
2. Underutilized Prior Knowledge: There is a vast amount of prior knowledge related to physical and biological systems that is not currently used in modern machine learning.
3. Types of Prior Knowledge: This prior knowledge includes principled physical laws, empirically validated rules, and domain expertise.
4. Role of Prior Knowledge in Regularization: Prior information can act as a regularization agent, constraining the space of admissible solutions and making the problem more manageable.
5. Example of Fluid Dynamics: In incompressible fluid dynamics, prior knowledge helps discard unrealistic flow solutions that violate the conservation of mass principle.
6. Benefits of Encoding Structured Information: Encoding structured information into a learning algorithm amplifies the information content of the data, allowing the algorithm to quickly find the right solution.
7. Improved Generalization with Few Examples: Using prior knowledge helps the algorithm generalize well even with limited training examples."
_6b31420f1e,Raissi2017,2017,p,"Such neural networks are constrained to respect any symmetry, invariance, or conservation principles originating from the physical laws that govern the observed data, as modeled by general time-dependent and nonlinear partial differential equations. This",
_4e1b232bf1,Yang2023,2023,a,"Increasing urbanization and population growth have brought attention to urban microclimates in recent years. The study on urban microclimate and its impact on the built environment is gaining momentum. A growing number of researchers have examined the relationship between human activity and the immediate surroundings to reduce adverse impacts on the environment and climate. This paper presents the latest progress in urban microclimate research on urban wind and thermal environment, covering traditional methods, including field measurements, wind tunnel modeling, and CFD simulations, as well as emerging methods, such as artificial intelligence or data-driven models. Among the publications reviewed, the topics include isothermal scenarios that neglected thermal aspects (e.g., urban wind energy, wind comfort), as well as thermal scenarios (e.g., urban heat islands and outdoor thermal comfort). In the review, it was found that CFD has been widely applied due to its well-developed nature. In addition to field measurements, new techniques (such as satellite and thermal imaging) provide valuable validation data for CFD and training data for artificial intelligence applications. In isothermal scenarios, wind tunnel modeling has been successfully applied. However, thermal scenarios present significant challenges. In addition, urban data-driven models have emerged with promising results, but systematic investigations have been limited. In this paper, we identify future research needs for urban microclimates based on an overview of recent progress.","1. Attention to Urban Microclimates: Increasing urbanization and population growth have brought attention to urban microclimates and their impact on the built environment.
2. Research Momentum: The study of urban microclimates is gaining momentum, with a growing number of researchers examining the relationship between human activity and immediate surroundings to reduce adverse environmental and climatic impacts.
3. Latest Progress in Research: The paper presents the latest progress in urban microclimate research, focusing on urban wind and thermal environments.
4. Traditional Methods: Traditional methods include field measurements, wind tunnel modeling, and CFD simulations.
5. Emerging Methods: Emerging methods include artificial intelligence and data-driven models.
6. Topics Reviewed: Topics include isothermal scenarios (e.g., urban wind energy, wind comfort) and thermal scenarios (e.g., urban heat islands, outdoor thermal comfort).
7. CFD's Role: CFD has been widely applied due to its well-developed nature.
8. New Techniques: New techniques, such as satellite and thermal imaging, provide valuable validation data for CFD and training data for AI applications.
9. Wind Tunnel Modeling: Wind tunnel modeling has been successfully applied in isothermal scenarios.
10. Challenges in Thermal Scenarios: Thermal scenarios present significant challenges.
11. Urban Data-Driven Models: Urban data-driven models have emerged with promising results, but systematic investigations have been limited.
12. Future Research Needs: The paper identifies future research needs for urban microclimates based on recent progress."
_37d7109d4a,Vinuesa2022,2022,a,"Machine learning is rapidly becoming a core technology for scientific computing, with numerous opportunities to advance the feild of computational fluid dynamics. In this Perspective, we highlight some of the areas of highest potential impact, including to accelerate direct numerical simulations, to improve turbulence closure modeling, and to develop enhanced reduced-order models. We also discuss emerging areas of machine learning that are promising for computational fluid dynamics, as well as some potential limitations that should be taken into account.","1. Core Technology: Machine learning is rapidly becoming a core technology for scientific computing.
2. Opportunities in Computational Fluid Dynamics: There are numerous opportunities for machine learning to advance the field of computational fluid dynamics (CFD).
3. Areas of High Potential Impact:
   - Accelerating direct numerical simulations.
   - Improving turbulence closure modeling.
   - Developing enhanced reduced-order models.
4. Emerging Areas: There are emerging areas of machine learning that show promise for CFD.
5. Potential Limitations: Some potential limitations of applying machine learning to CFD should be considered."
_5b9c86ca8e,Vinuesa2022,2022,f,"The field of numerical simulation of fluid flows is generally known as computational fluid dynamics (CFD). Fluid mechanics is an area of great importance, both from a scientifci perspective and for a range of industrial-engineering applications. Fluid flows are governed by the Navier–Stokes equations, which are partial differential equations (PDEs) modeling the conservation of mass and momentum in a Newtonian fluid. These PDEs are non-linear due to the convective acceleration (which is related to the change of velocity with the position), and they commonly exhibit time-dependent chaotic behavior, known as turbulence. Solving the Navier–Stokes equations for turbulent flows requires numerical methods that may be computationally expensive, or even intractable at high Reynolds numbers, due to the wide range of scales in space and time necessary to resolve these flows. There are various approaches to numerically solve these equations, which can be discretized using methods of different orders, for instance finite-difference [1], finite-volume [2], finite-element [3], spectral methods [4], and so forth. Furthermore, turbulence can be simulated with different levels of fdielity and computational cost.","1. Computational Fluid Dynamics (CFD): The field of numerical simulation of fluid flows, important for scientific research and industrial engineering applications.
2. Governing Equations: Fluid flows are governed by the Navier–Stokes equations, which model the conservation of mass and momentum in a Newtonian fluid.
3. Non-linearity and Turbulence: The Navier–Stokes equations are non-linear due to convective acceleration and often exhibit time-dependent chaotic behavior, known as turbulence.
4. Challenges in Solving Navier–Stokes Equations: Solving these equations for turbulent flows is computationally expensive and can be intractable at high Reynolds numbers due to the wide range of scales in space and time.
5. Numerical Methods: Various numerical methods can be used to discretize the Navier–Stokes equations, including finite-difference, finite-volume, finite-element, and spectral methods.
6. Simulation Fidelity and Cost: Turbulence can be simulated with different levels of fidelity and computational cost, depending on the chosen numerical method and approach."
_edaeccec83,Vinuesa2022,2022,m,"At the same time, we are experiencing a revolution in the field of machine learning (ML), which is enabling advances across a wide range of scientific and engineering areas [5–9]. Machine learning is a subfield of the broader area of artificial intelligence (AI), which is focused on the development of algorithms with the capability of learning from data without explicit mathematical models [10].",
_5129a1929a,Vinuesa2022,2022,n,"Many of the most exciting advances in ML have leveraged deep learning, based on neural networks (NNs) with multiple hidden layers between the input and the output. One key aspect contributing to the remarkable success of deep learning is the ability to learn in a hierarchical manner: while initial layers learn simple relationships in the data, deeper layers combine this information to learn more abstract relationships. Many physical problems exhibit this hierarchical behavior, and can therefore be effectively modelled using deep learning, and machine learning more generally.",
_943b277d9a,Vinuesa2022,2022,o,"In this Perspective, we focus on the potential of machine learning to improve CFD, including possibilities to increase the speed of high-fdielity simulations, develop turbulence models with different levels of fidelity, and produce reduced-order models beyond what can be achieved with classical approaches.",
_6bcb423103,Vinuesa2022,2022,f,"Direct numerical simulation (DNS) is a high-fidelity approach where the governing Navier–Stokes equations are discretized and integrated in time with enough degrees of freedom to resolve all flow structures. Turbulent flows exhibit a pronounced multi-scale character, with vortical structures across a range of sizes and energetic content [19]. This complexity requires fine meshes and accurate computational methods to avoid distorting the underlying physics with numerical artifacts. With a properly designed DNS, it is possible to obtain a representation of the flow field with the highest level of detail among CFD methods. However, the fine computational meshes required to resolve the smallest scales lead to exceedingly high computational costs, which increase with the Reynolds number [20].","1. Direct Numerical Simulation (DNS): A high-fidelity approach in which the Navier–Stokes equations are discretized and integrated over time with sufficient degrees of freedom to resolve all flow structures.
2. Multi-Scale Nature of Turbulent Flows: Turbulent flows have vortical structures of varying sizes and energetic content, requiring fine meshes and accurate computational methods to avoid numerical artifacts.
3. High Level of Detail: DNS provides the highest level of detail among CFD methods when properly designed.
4. Computational Costs: The fine computational meshes required for DNS to resolve the smallest scales result in very high computational costs, which increase with the Reynolds number."
_8f64684698,Vinuesa2022,2022,r,"These results promise to substantially reduce the computational cost of relevant fluid simulations, including weather [27], climate [28], engineering [29] and astrophysics [30].",
_1864293521,Toparlar2017,2017,a,"Urban microclimate studies are gaining popularity due to rapid urbanization. Many studies documented that urban microclimate can affect building energy performance, human morbidity and mortality and thermal comfort. Historically, urban microclimate studies were conducted with observational methods such as field measurements. In the last decades, with the advances in computational resources, numerical simulation approaches have become increasingly popular. Nowadays, especially simulations with Computational Fluid Dynamics (CFD) is frequently used to assess urban microclimate. CFD can resolve the transfer of heat and mass and their interaction with individual obstacles such as buildings. Considering the rapid increase in CFD studies of urban microclimate, this paper provides a review of research reported in journal publications on this topic till the end of 2015. The studies are categorized based on the following characteristics: morphology of the urban area (generic versus real) and methodology (with or without validation study). In addition, the studies are categorized by specifying the considered urban settings/locations, simulation equations and models, target parameters and keywords. This review documents the increasing popularity of the research area over the years. Based on the data obtained concerning the urban location, target parameters and keywords, the historical development of the studies is discussed and future perspectives are provided. According to the results, early CFD microclimate studies were conducted for model development and later studies considered CFD approach as a predictive methodology. Later, with the established simulation setups, research efofrts shifted to case studies. Recently, an increasing amount of studies focus on urban scale adaptation measures. The review hints a possible change in this trend as the results from CFD simulations can be linked up with different aspects (e.g. economy) and with different scales (e.g. buildings), and thus, CFD can play an important role in transferring urban climate knowledge into engineering and design practice.",
_ca4b9cb993,Vinuesa2022,2022,f,"DNS is impractical for many real-world applications due to the computational cost associated with resolving all scales for flows with high Reynolds numbers, together with difficulties arising from complex geometries. Industrial CFD typically relies on either Reynolds-averaged Navier–Stokes (RANS) models, where no turbulent scales are simulated, or coarsely-resolved large-eddy simulations (LES), where only the largest turbulent scales are resolved and smaller ones are modelled. Here the term model refers to an a-priori assumption regarding the physics of a certain range of turbulent scales. In the following we discuss ML applications to RANS and LES modeling.","1 - Direct Numerical Simulation (DNS) is computationally expensive, especially for flows with high Reynolds numbers and complex geometries.
2 - Industrial Computational Fluid Dynamics (CFD) primarily uses:
2.1 - Reynolds-averaged Navier-Stokes (RANS) models: These models do not simulate any turbulent scales.
2.2 - Large-eddy simulations (LES): These simulations only resolve the largest turbulent scales, modeling the smaller ones.
3 - Both RANS and LES rely on models or assumptions about the behavior of certain ranges of turbulent scales."
_9e7ea5b32a,Vinuesa2022,2022,r,Models based on sparse identification of nonlinear dynamics (SINDy) [59] have also been used for RANS closure models [60–62].,
_2251b94a67,Gur2024,2024,a,"Abstract: (1) Background: Artificial intelligence (AI) and machine learning (ML) techniques are being more widely employed in the field of wind engineering. Nevertheless, there is a scarcity of research on the comfort of pedestrians in terms of wind conditions with respect to building design, particularly in historic sites. (2) Objectives: This research aims to evaluate ML- and computational fulid dynamics (CFD)-based pedestrian wind comfort (PWC) analysis outputs using a novel method that relies on the sophisticated handling of image data. The goal is to propose a novel assessment method to enhance the effciiency of AI models over different urban scenarios. (3) Methodology: The stages include the analysis of climate data, CFD analysis with OpenFOAM, ML analysis using Autodesk Forma, and comparisons of the CFD and ML results using a novel image similarity assessment method based on the SSIM, MSE, and PSNR metrics. (4) Conclusions: This study effectively demonstrates the considerable potential of utilizing ML as a supplementary tool for evaluating PWC. It maintains a high degree of accuracy and precision, allowing for rapid and effective assessments. The methodology for precise comparison of two visual outputs in the absence of numerical data allows for more objective and pertinent comparisons, as it eliminates any potential distortions. (5) Recommendations: Additional research can explore the integration of ML models with climate data and different case studies, thus expanding the scope of wind comfort studies.",
_edf3677536,Wu2024,2024,j,"Urban wind conditions have a profound impact on several critical aspects, including human thermal stress, the dispersion of air pollution, and natural ventilation in buildings [1–5]. These factors, in turn, significantly influence pedestrian comfort and safety, the well-being of residents, and the energy consumption required for cooling buildings [6–9]. Improving the urban wind environment has become increasingly urgent, especially when considering the compounding challenges posed by climate change-induced extreme weather events and rapid urbanization, where populations and resources are concentrated in limited spaces [10,11].",
_7a2f2c4b8a,Wu2024,2024,k,"Nevertheless, optimizing wind conditions within the built environment remains a formidable challenge. This challenge is primarily attributed to three key characteristics commonly known as the “Three Nons”: non-stationarity, non-Gaussianity, and non-linearity [12]. These traits are prevalent in various urban airflow phenomena, including gust fronts, vorticial and convective systems, and intermittent turbulence, resulting in dynamic and unconventional wind behaviors [12–14].",
_82c9357be2,Wu2024,2024,k,"Navier–Stokes (RANS), large eddy simulation (LES), and direct numerical simulation (DNS) models has further empowered researchers to capture the sophisticated characteristics of turbulent flows with greater precision in both spatial and temporal domains [18–20]. The availability of these numerical models has had a significant impact on the design industry, enabling practitioners to evaluate the aerodynamic features (e. g., pedestrian wind comfort and air pollution dispersion efficiency) of an extensive range of building and urban design options, especially when they are working within strict economic and computational limitations [21–23].","1. Turbulence Modeling Approaches: The use of Navier–Stokes (RANS), large eddy simulation (LES), and direct numerical simulation (DNS) models has enhanced the ability to capture the complex characteristics of turbulent flows with high precision in both spatial and temporal domains.
2. Impact on Design Industry: The availability of these numerical models has significantly influenced the design industry.
3. Applications in Aerodynamics: These models allow practitioners to evaluate aerodynamic features such as pedestrian wind comfort and air pollution dispersion efficiency.
4. Economic and Computational Constraints: The models are particularly useful when working within strict economic and computational limitations, allowing for extensive evaluation of building and urban design options."
_14363ca8d6,Wu2024,2024,o,"In this research, we focus on optimizing the urban wind environment, including the wind field around buildings and within urban blocks.",
_68485d61d3,Wu2024,2024,l,"Notably, Calzolari and Liu [44] conducted a review encompassing a diverse range of applications involving deep learning models as substitutes, enhancements, and aids to CFD simulations. This approach has yielded numerous advantages in understanding the urban wind environment, enabling rapid prediction of urban flows, the refinement of turbulence models tailored to specific urban contexts, and the enhancement of CFD simulation resolution.",
_bafb9f9c1f,Wu2024,2024,l,"Deep learning models are usually utilized in fluid mechanics problems either for faster predictions or for improved simulation accuracy [44]. Typical deep learning models applied in urban wind environment research include deep ANN, CNN, recurrent neutral network (RNN), GAN, and physics-informed neural network (PINN). By",
_07fdcc5663,Wu2024,2024,l,"garnered attention for approximating source terms in closure modeling and directly addressing the eddy-viscosity hypothesis, including the prediction of Reynolds stresses [144–146]. However, the application of PINNs in simulating urban wind flow remains relatively scarce. For instance, Shao et al. [147] employed a loss function that encompasses both data-driven and physical model-driven constraints within a GNN (Fig. 10). This approach effectively satisfies the RANS equations, enabling the surrogate model to generalize and predict wind fields for arbitrarily large-scale urban scenarios. This is because that the underlying physical laws of urban airflow always hold across different scales [148].",
_930850dcfd,Gao2024,2024,j,"As urbanization worldwide continues to escalate, the assessment of the urban environment becomes increasingly imperative for safety, health considerations, and airspace management of drone traffic. Of particular significance is the exploration of the urban wind environment, since issues such as urban wind disasters, heat island effect, pollutant diffusion, pedestrian comfort, and nascent drone pathfinding are all intricately intertwined with the urban wind environment.",
_0fa312aa40,Gao2024,2024,k,"Research on urban wind fields can be mainly categorized into computational fluid dynamics (CFD) simulation, wind tunnel testing, field measurements, and data-driven methods.",
_81af144526,Gao2024,2024,k,"In brief, prior research has produced an assortment of surrogate models via various data-driven learning techniques, exhibiting comparable functionality to CFD models, and demonstrating superb performance. Nonetheless, for the rapid reconstruction of urban wind fields, an ideal deep learning (DL) model must be capable of promptly reconstructing intricate flow fields hindered by diverse civil structures under varying wind attack angles, utilizing data obtained from sparse sensors. To date, no such DL model has been proposed for this challenge.",
_4c70ef2be1,Gao2024,2024,a,"The urban flow wind field is a critical element for downstream research, such as mitigation of urban wind disasters, assessment of urban wind environment, and urban drone route planning. However, it is impractical to arrange a large number of sensors to monitor an urban wind flow field. Hence, acquiring the entire urban wind flow field via sparse sensors would be highly valuable. To date, no scheme including deep learning (DL) model has been specifically designed for this purpose. This study presents an innovative approach to reconstruct complex high-resolution urban wind fields based on sparse sensors, using a physics-informed graph neural network (GNN)-assisted auto-encoder. The proposed method leverages the relationship between sensors and their surrounding environment enabled by deep mining capabilities of GNNs. As a result, the utilization and emphasis on sparse sensors data are significantly enhanced. The continuity equation of fluid flow is incorporated into the loss function of the convolution neural network to improve the stability and performance of the model. The findings suggest that, in contrast to prevalent generative DL models, the proposed model yields an approximate 50% reduction in root mean square error for reconstructing high-resolution urban wind fields for multiple wind attack angles.",
_d562dac7e7,Wei2023,2023,a,"Obtaining a detailed indoor airflow field is important for the accurate and efficient control of indoor environmental comfort. Traditional computational fluid dynamics (CFD) methods and CFD-based surrogate models are time-consuming and sometimes produce inaccurate results because of difficulties in reproducing accurate inlet boundary conditions. Artificial neural networks (ANN) can be utilized to reconstruct indoor airflow fields directly from measurement data without building a large inaccurate and time-consuming CFD database. However, as a purely data-driven method, a normal ANN can yield unphysical results. A physics-informed neural network (PINN) is one possible solution. In this study, a PINN was introduced to reconstruct an indoor airflow field basing on measurement data (without inlet boundary conditions), and compared with ANN. The results show that the PINN produced more physical results than the ANN and is more tolerant to a reduction in the number of measurement points. In specific cases, the mean errors of the PINN results for the 98-, 32, and 16 point cases were 89%, 79%, and 70% of those of the ANN results, respectively. The PINN showed practical application potential in cases where the amount of measured data was relatively small. Comparing to traditional CFD, PINN can reconstruct the detailed airflow field directly from measurement data, avoiding inaccurate simulation conditions. Meanwhile, PINN saved 42% calculation time, comparing to CFD. Moreover, there is a potential of PINN in using less time to apply a trained PINN to a new case by transfer learning, where however CFD needs to recalculate a new case.",
_87f638c162,Cai2021,2021,a,"Despite the signifciant progress over the last 50 years in simulating folw problems using numerical discretization of the Navier–Stokes equations (NSE), we still cannot incorporate seamlessly noisy data into existing algorithms, mesh-generation is complex, and we cannot tackle high-dimensional problems governed by parametrized NSE. Moreover, solving inverse folw problems is often prohibitively expensive and requires complex and expensive formulations and new computer codes. Here, we review folw physics-informed learning, integrating seamlessly data and mathematical models, and implement them using physics-informed neural networks (PINNs). We demonstrate the effectiveness of PINNs for inverse problems related to three-dimensional wake folws, supersonic folws, and biomedical folws.","1. Progress in Simulating Flow Problems:
   - Significant progress has been made in the last 50 years using numerical discretization of the Navier–Stokes equations (NSE).
2. Challenges in Existing Algorithms:
   - Difficulty in incorporating noisy data seamlessly.
   - Complexity of mesh-generation.
   - Inability to tackle high-dimensional problems governed by parametrized NSE.
3. Challenges in Solving Inverse Flow Problems:
   - Prohibitively expensive.
   - Requires complex and expensive formulations and new computer codes.
4. Flow Physics-Informed Learning:
   - Integration of data and mathematical models.
   - Implementation using physics-informed neural networks (PINNs).
5. Effectiveness of PINNs:
   - Demonstrated for inverse problems related to:
     - Three-dimensional wake flows.
     - Supersonic flows.
     - Biomedical flows."
_e67e43fa44,Calzolari2021,2021,a,"Fast and accurate airflow simulations in the built environment are critical to provide acceptable thermal comfort and air quality to the occupants. Computational Fluid Dynamics (CFD) offers detailed analysis on airflow motion, heat transfer, and contaminant transport in indoor environment, as well as wind flow and pollution dispersion around buildings in urban environments. However, CFD still faces many challenges mainly in terms of computational expensiveness and accuracy. With the increasing availability of large amount of data, data driven models are starting to be investigated to either replace, improve, or aid CFD simulations. More specifically, the abilities of deep learning and Artificial Neural Networks (ANN) as universal non-linear approximator, handling of high dimensionality fields, and computational inexpensiveness are very appealing. In built environment research, deep learning applications to airflow simulations shows the ANN as surrogate, replacement for expensive CFD analysis. Surrogate modeling enables fast or even real-time predictions, but usually at a cost of a degraded accuracy. The objective of this work is to critically review deep learning interactions with fluid mechanics simulations in general, to propose and inform about different techniques other than surrogate modeling for built environment applications. The literature review shows that ANNs can enhance the turbulence model in various way for coupled CFD simulations of higher accuracy, improve the efficiency of Proper Orthogonal Decomposition (POD) methods, leverage crucial physical properties and information with physics informed deep learning modeling, and even unlock new advanced methods for flow analysis such as super-resolution techniques. These promising methods are largely yet to be explored in the built environment scene. Unavoidably, deep learning models also presents challenges such as the availability of consistent large flow databases, the extrapolation task problem, and over-fitting, etc.",
_e0aeb08528,Etienam2024,2024,a,"We have developed an advanced workflow for reservoir characterization that elegantly addresses the challenges of reservoir history matching. This novel approach integrates a Physics Informed Neural Operator (PINO) as a forward model within a sophisticated mixture of expert’s framework, named Cluster Classify Regress (CCR). The process of inverse modeling is facilitated through an adaptive Regularized Ensemble Kalman Inversion (aREKI), which is particularly efficient for rapid uncertainty quantification tasks involved in reservoir history matching. In our methodology, the unknown fields of permeability and porosity are parameterized, capturing non-Gaussian posterior measures using advanced techniques such as a variational convolution autoencoder and the CCR. The CCR not only serves as exotic priors in our inverse modeling but also synergizes as a supervised model with the prior PINO surrogate to accurately simulate the nonlinear dynamics described by the Peaceman well equations in the forward model. The CCR approach is designed with flexibility, allowing for any distinct and independent machine learning algorithm to be applied across its three stages. The updating of the PINO reservoir surrogate is driven by a loss function derived from supervised data as well as the initial conditions and residuals of the governing black oil PDEs. The integrated model of the PINO and CCR now called PINO-Res-Sim outputs various crucial parameters, including pressures, water and gas saturations, and production rates for oil, water, and gas. This methodology has been validated against traditional numerical simulators in a controlled waterflooding experiment conducted on two synthetic reservoirs and a water-alternating-gas experiment of the Norne field, demonstrating remarkable accuracy. Further application of our PINO-Res-Sim surrogate in the aREKI history matching workflow showed its potential by efficiently recovering unknown permeability and porosity fields with a computational speedup of up to 100 - 6000 times faster than conventional simulation techniques. The learning phase for the PINO-Res-Sim model, conducted on an NVIDIA H100 with 80G of memory, was impressively efficient—taking approximately 30 minutes for 10,000 training samples in a synthetic 2D model, 5 hours in a 3D model, and 4 hours for 100 samples from the Norne field. This workflow is also compatible with ensemble-based methods, which are beneficial for sampling posterior densities in complex computational tasks where evaluating likelihoods is computationally expensive.",
_4f8ec30818,Faroughi2022,2022,a,"Recent breakthroughs in computing power have made it feasible to use machine learning and deep learning to advance scientific computing in many fields, including fluid mechanics, solid mechanics, materials science, etc. Neural networks, in particular, play a central role in this hybridization. Due to their intrinsic architecture, conventional neural networks cannot be successfully trained and scoped when data is sparse, which is the case in many scientific and engineering domains. Nonetheless, neural networks provide a solid foundation to respect physics-driven or knowledge-based constraints during training. Generally speaking, there are three distinct neural network frameworks to enforce the underlying physics: (i) physics-guided neural networks (PgNNs), (ii) physics-informed neural networks (PiNNs), and (iii) physics-encoded neural networks (PeNNs). These methods provide distinct advantages for accelerating the numerical modeling of complex multiscale multiphysics phenomena. In addition, the recent developments in neural operators (NOs) add another dimension to these new simulation paradigms, especially when the real-time prediction of complex multi-physics systems is required. All these models also come with their own unique drawbacks and limitations that call for further fundamental research. This study aims to present a review of the four neural network frameworks (i.e., PgNNs, PiNNs, PeNNs, and NOs) used in scientific computing research. The state-of-the-art architectures and their applications are reviewed, limitations are discussed, and future research opportunities in terms of improving algorithms, considering causalities, expanding applications, and coupling scientific and deep learning solvers are presented. This critical review provides researchers and engineers with a solid starting point to comprehend how to integrate different layers of physics into neural networks.",
_0bfd6803e9,FernandezdelaMata2023,2023,a,"The last decade has seen a rise in the number and variety of techniques available for data-driven simulation of physical phenomena. One of the most promising approaches is Physics-Informed Neural Networks (PINNs), which can combine both data, obtained from sensors or numerical solvers, and physics knowledge, expressed as partial differential equations. In this work, we investigated the suitability of PINNs to replace current available numerical methods for physics simulations. Although the PINN approach is general and independent of the complexity of the underlying physics equations, a selection of typical heat transfer and fluid dynamics problems was proposed and multiple PINNs were comprehensibly trained and tested to solve them. When PINNs were used as learned simulators, the outcome of our experiments was not entirely satisfactory as not enough accuracy was achieved even though optimal configurations and long training times were used. The main cause for this limitation was found to be the lack of adequate activation functions and specialized architectures, since they proved to have a notable impact on the final accuracy of each model. In turn, PINN architectures showed an accurate behavior when used for parameter inference of partial differential equations from data.",
_4517a71dda,Floryan2024,2024,a,"When neural networks are trained from data to simulate the dynamics of physical systems, they encounter a persistent challenge: the long-time dynamics they produce are often unphysical or unstable. We analyze the origin of such instabilities when learning linear dynamical systems, focusing on the training dynamics. We make several analytical findings which empirical observations suggest extend to nonlinear dynamical systems. First, the rate of convergence of the training dynamics is uneven and depends on the distribution of energy in the data. As a special case, the dynamics in directions where the data have no energy cannot be learned. Second, in the unlearnable directions, the dynamics produced by the neural network depend on the weight initialization, and common weight initialization schemes can produce unstable dynamics. Third, injecting synthetic noise into the data during training adds damping to the training dynamics and can stabilize the learned simulator, though doing so undesirably biases the learned dynamics. For each contributor to instability, we suggest mitigative strategies. We also highlight important differences between learning discrete-time and continuous-time dynamics, and discuss extensions to nonlinear systems.",
_6bb073410a,GunesBaydin2018,2018,a,"Derivatives, mostly in the form of gradients and Hessians, are ubiquitous in machine learning. Automatic difefrentiation (AD), also called algorithmic difefrentiation or simply “autodiff”, is a family of techniques similar to but more general than backpropagation for efficiently and accurately evaluating derivatives of numeric functions expressed as computer programs. AD is a small but established feild with applications in areas including computational fulid dynamics, atmospheric sciences, and engineering design optimization. Until very recently, the feilds of machine learning and AD have largely been unaware of each other and, in some cases, have independently discovered each other’s results. Despite its relevance, general-purpose AD has been missing from the machine learning toolbox, a situation slowly changing with its ongoing adoption under the names “dynamic computational graphs” and “difefrentiable programming”. We survey the intersection of AD and machine learning, cover applications where AD has direct relevance, and address the main implementation techniques. By precisely defniing the main difefrentiation techniques and their interrelationships, we aim to bring clarity to the usage of the terms “autodiff”, “automatic difefrentiation”, and “symbolic difefrentiation” as these are encountered more and more in machine learning settings.",
_94c75b5d23,Gurieva2022,2022,a,"We consider the modifications of a physics-informed neural network, based on conservation law constraint as the important feature of integrable physical models. This method implies introduction of the conservative properties of nonlinear physical systems into neural network to force qualitatively correctness of the solution during training. The conservation law constraint is put into neural network solver by adding the conserved quantity’s residual to the loss function to train the neural network. We apply the modification on the one-dimensional nonlinear Schrӧdinger equation as the example of integrable system. In our experiments, Continuity Planes method was implemented to add the conservation constraint to the loss function. For further generalization on high dimension systems, we also considered Monte Carlo approach to control the conserved quantity through sum over interior points of the domain. The results obtained demonstrate an increase in the accuracy of prediction compared to conventional training for several cases.",
_c148f4f44f,Hennigh2021,2021,a,"We present SimNet, an AI-driven multi-physics simulation framework, to accelerate simulations across a wide range of disciplines in science and engineering. Compared to traditional numerical solvers, SimNet addresses a wide range of use cases - coupled forward simulations without any training data, inverse and data assimilation problems. SimNet offers fast turnaround time by enabling parameterized system representation that solves for multiple configurations simultaneously, as opposed to the traditional solvers that solve for one configuration at a time. SimNet is integrated with parameterized constructive solid geometry as well as STL modules to generate point clouds. Furthermore, it is customizable with APIs that enable user extensions to geometry, physics and network architecture. It has advanced network architectures that are optimized for high-performance GPU computing, and offers scalable performance for multi-GPU and multi-Node implementation with accelerated linear algebra as well as FP32, FP64 and TF32 computations. In this paper we review the neural network solver methodology, the SimNet architecture, and the various features that are needed for effective solution of the PDEs. We present real-world use cases that range from challenging forward multi-physics simulations with turbulence and complex 3D geometries, to industrial design optimization and inverse problems that are not addressed effciiently by the traditional solvers. Extensive comparisons of SimNet results with open source and commercial solvers show good correlation.",
_b62a28d863,Ka2024,2024,a,"Traffic management strategies play a crucial role in mitigating urban congestion by enhancing the efficiency of urban road networks. Network traffic flow models are fundamental in elevating the efficacy of these strategies, as they estimate traffic states and depict traffic dynamics. While these models have strong theoretical foundations, current network traffic flow models grapple with accurately reflecting intricate and evolving real-world traffic patterns, particularly the variance and heterogeneity seen in expansive urban systems. These challenges arise from the innate dynamics of traffic flows and external factors such as fluctuating travel demands and traffic control measures. Although numerous studies have employed machine learning (ML) techniques to accurately estimate traffic states, these ML approaches often lack interpretability as the interplay among variables remains concealed. To address this shortfall, we introduce a hybrid model called the Physics-Informed Machine Learning with Generalized Bathtub Model (PIML-GBM). This model harmoniously combines the explanatory power of physical models with the robust modeling capabilities of ML. We evaluated the PIML-GBM using mobile location data from a comprehensive road network in Indianapolis, Indiana, United States. Evaluated through extensive mobile location data (14.4 million unique devices and 4.8 billion records) from Indianapolis’s comprehensive road network (396.61 mi2), the PIMLGBM demonstrates a remarkable performance improvement over traditional GBM and pure multi-layer neural network (PMNN) without physics knowledge. It achieved a significantly lower Mean Absolute Error (MAE) of 0.0226 compared to GBM’s 0.3775 and PMNN’s 0.0463, illustrating its effectiveness in accurately capturing urban traffic dynamics and predicting trip volumes over various trip distances. This study not only contributes significantly to the field of urban transportation planning but also presents a practical framework for traffic monitoring and prediction, highlighting the real-world applicability of integrating machine learning with traditional traffic flow principles.",
_83db09688a,Karniadakis2021,2021,a,"Abstract | Despite great progress in simulating multiphysics problems using the numerical discretization of partial differential equations (PDEs), one still cannot seamlessly incorporate noisy data into existing algorithms, mesh generation remains complex, and high-d imensional problems governed by parameterized PDEs cannot be tackled. Moreover, solving inverse problems with hidden physics is often prohibitively expensive and requires different formulations and elaborate computer codes. Machine learning has emerged as a promising alternative, but training deep neural networks requires big data, not always available for scientific problems. Instead, such networks can be trained from additional information obtained by enforcing the physical laws (for example, at random points in the continuous space-t ime domain). Such physics-i nformed learning integrates (noisy) data and mathematical models, and implements them through neural networks or other kernel-b ased regression networks. Moreover, it may be possible to design specialized network architectures that automatically satisfy some of the physical invariants for better accuracy, faster training and improved generalization. Here, we review some of the prevailing trends in embedding physics into machine learning, present some of the current capabilities and limitations and discuss diverse applications of physics-i nformed learning both for forward and inverse problems, including discovering hidden physics and tackling high-d imensional problems.","1. Challenges in Traditional Numerical Methods: Issues with incorporating noisy data, complexity in mesh generation, and difficulty in addressing high-dimensional problems governed by parameterized PDEs.
2. Challenges in Solving Inverse Problems: Solving inverse problems with hidden physics is expensive and requires different formulations and complex computer codes.
3. Machine Learning as an Alternative: Machine learning offers a promising alternative but typically requires large amounts of data, which are often unavailable for scientific problems.
4. Physics-Informed Learning: Networks can be trained using physical laws enforced at random points in the space-time domain, integrating noisy data and mathematical models through neural networks or kernel-based regression networks.
5. Specialized Network Architectures: Designing specialized network architectures that satisfy physical invariants can lead to better accuracy, faster training, and improved generalization.
6. Review of Physics-Embedded Machine Learning: An overview of current trends in embedding physics into machine learning, current capabilities and limitations, and diverse applications in both forward and inverse problems, including discovering hidden physics and addressing high-dimensional problems."
_d8489aae7b,Kashinath2021,2021,a,"Machine learning (ML) provides novel and powerful ways of accurately and efficiently recognizing complex patterns, emulating nonlinear dynamics, and predicting the spatio-temporal evolution of weather and climate processes. Off-the-shelf ML models, however, do not necessarily obey the fundamental governing laws of physical systems, nor do they generalize well to scenarios on which they have not been trained. We survey systematic approaches to incorporating physics and domain knowledge into ML models and distill these approaches into broad categories. Through 10 case studies, we show how these approaches have been used successfully for",
_d9d3c325c9,Kashinath2021,2021,a,"emulating, downscaling, and forecasting weather and climate processes. The accomplishments of these studies include greater physical consistency, reduced training time, improved data efficiency, and better generalization. Finally, we synthesize the lessons learned and identify scientific, diagnostic, computational, and resource challenges for developing truly robust and reliable physics-informed ML models for weather and climate processes. This article is part of the theme issue ‘Machine learning for weather and climate modelling’.",
_281958ae34,Kong2021,2021,a,"With rapid urbanization, population growth and anthropogenic activities, an increasing number of major cities across the globe are facing severe urban heat islands (UHI). UHI can cause complex impacts on the urban environment and human health, and it may bring more severe effects under heatwave (HW) conditions. In this paper, a holistic review is conducted to articulate the findings of the synergies between UHI and HW and corresponding mitigation measures proposed by the research community. It is worth pointing out that most studies show that urban areas are more vulnerable than rural areas during HWs, but the opposite is also observed in some studies. Changes in urban energy budget and major drivers are discussed and compared to explain such discrepancies. Recent studies also indicate that increasing albedo, vegetation fraction and irrigation can lower the urban temperature during HWs. Research gaps in this topic necessitate more studies concerning vulnerable cities in developing countries. Moreover, multidisciplinary studies considering factors such as UHI, HW, human comfort, pollution dispersion and the efficacy of mitigation measures should be conducted to provide more accurate and explicit guidance to urban planners and policymakers.",
_452b478a19,Liu2023,2023,a,"Physics-informed neural networks (PINNs) have shown great potential in solving computational physics problems with sparse, noisy, unstructured, and multi-fidelity data. However, the training of PINN remains a challenge, and PINN is not robust to deal with some complex problems, such as the sharp local gradient in broad computational domains, etc. Transfer learning techniques can provide fast and accurate training for PINN through intelligent initialization, but the previous researches are much less effective when dealing with transfer learning cases with a large range of parameter variation, which also suffers from the same drawbacks. This manuscript develops the concept of the minimum energy path for PINN and proposes an adaptive transfer learning for PINN (AtPINN). The Partial Differential Equations (PDEs) parameters are initialized by the source parameters and updated adaptively to the target parameters during the training process, which can guide the optimization of PINN from the source to the target task. This process is essentially performed along a designed low-loss path, which is no barrier in the energy landscape of neural networks. Consequently, the stability of the training process is guaranteed. AtPINN is utilized to achieve transfer learning cases with a large range of parameter variation for solving fvie complex problems. The results demonstrate that AtPINN has promising potential for extending the application of PINN. Besides, three transfer learning cases with different ranges of parameter variation are analyzed through visualization. Furthermore, results also show that the idea of adaptive transfer learning can be a particular optimization strategy to directly solve problems without intelligent initialization.",
_59987fa991,Low2022,2022,a,"Abstract—Data-driven approaches, including deep learning, have shown great promise as surrogate models across many domains, including computer vision and natural language processing. These extend to various areas in sustainability, including for satellite image analysis to obtain information such as land usage and extent of development. An interesting direction for which data-driven methods have not been applied much yet is in the quick quantitative evaluation of urban layouts for planning and design. In particular, urban designs typically involve complex trade-offs between multiple objectives, including limits on urban build-up and/or consideration of urban heat island effect. Hence, it can be beneficial to urban planners to have a fast surrogate model to predict urban characteristics of a hypothetical layout, e.g. pedestrian-level wind velocity, without having to run computationally expensive and time-consuming high-fdielity numerical simulations each time. This fast surrogate can then be potentially integrated into other design optimization frameworks, including generative models or other gradient-based methods. Here we present an investigation into the use of convolutional neural networks as a surrogate for urban layout characterization that is typically done via high-fidelity numerical simulation. We then further apply this model towards a first demonstration of its utility for data-driven pedestrian-level wind velocity prediction. The data set in this work comprises results from high-fidelity numerical simulations of wind velocities for a diverse set of realistic urban layouts, based on randomized samples from a real-world, highly built-up urban city. We then provide prediction results obtained from the neural network trained on this dataset, demonstrating test errors of under 0.1 m/s for previously unseen novel urban layouts. We further illustrate how this can be useful for purposes such as rapid evaluation of pedestrian wind velocity for a potential new layout. In addition, it is hoped that this data set will further inspire, facilitate and accelerate research in data-driven urban AI, even as our baseline model facilitates quantitative comparison to future, more innovative methods.",
_1dedf60d2f,Mei2024,2024,a,"The emerging physics informed neural network (PINN) has been recently applied to a wide range of mathematical problems. It is promising to precisely solve the partial differential equations (PDEs) in a fast, flexible manner. Whereas, PINN struggles with poor accuracy and costly computation in case of heterogeneous PDE coefficients. To mitigate these issues, a new PINN, which is known as the unified finite volume PINN (UFVPINN), is proposed to unify the sub-domain decomposition, finite volume discretization, and conventional numerical solvers. The output by neural network (NN) over the boundaries of agglomerated sub-domains functions as boundary conditions (BCs) for UFV-PINN training. In this connection, the customized differentiable conventional numerical solver further solves the PDEs. The discrepancy between NN prediction and the conventional numerical solution within the sub-domains is taken as the novel training loss, enforcing the conservation law of PDE. For illustration, the Poisson and advection–diffusion equations (ADE) are solved, which are classical but still challenging to PINN in the presence of heterogeneity. Numerical experiments are conducted to compare the performance of the proposed UFV-PINN and the standard PINN, both in terms of accuracy and efficiency. Results indicate that UFV-PINN attains remarkable accuracy improvement with less computation time. Hessian spectrum analysis indicates that the loss Hessian matrix of UFV-PINN is more inclined to be positive definite, highlighting its superior performance over the standard PINN. It is the first time that the FV numerical solver is seamlessly embedded into the PINN training for performance improvement.",
_d6ff250b1b,Pan2024,2024,a,"Given the importance of pedestrian flow simulation in reproducing pedestrian flows and optimizing pedestrian facilities, it is crucial to accurately simulate macroscopic pedestrian flows. Physics-informed neural network (PINN) is a recently proposed advanced scheme for solving partial differential equations (PDE) that can approximate the solution values by minimizing the initial values, boundary values, and residuals of the PDE. However, few studies have discussed how the performance of PINN changes in the face of macroscopic pedestrian flow equations with high-order derivatives and multiple variables. In this study, we propose to compare the performance of three schemes, i.e., the vanilla PINN, the extended-variable PINN (ev-PINN), and the reduced-order PINN (ro-PINN), by solving the macroscopic pedestrian flow equations coupled by the conservation equation and Eikonal equation in the steady-state and transient cases. The results show that the comparison of the PINN models under different hyperparameters indicates that the ro-PINN is the most stable in training, while the other two schemes have a certain degree of fluctuation in the face of different hyperparameters. Secondly, when the traditional numerical solution scheme is used as the reference solution, the ro-PINN solution works best in the steady- state and transient cases, and the solution results of different solution variables such as density and flow are closest to the reference solution, which can make the whole solution process easier and the solution results more accurate by reducing the derivative order in the automatic differentiation part and increasing the output dimension of the neural network. On the contrary, compared with vanilla PINN, ev-PINN not only did not improve the solution results, but even reduced the performance. Finally, we compare the running time of the three PINN schemes, and although increasing the output dimension and decreasing the order of PDE increase the computing time, it is not significant. Therefore, the ro-PINN can be used as an effective alternative model for simulating macroscopic pedestrian flow evolution.",
_d85d423333,Peng2024,2024,a,"Global urbanization has underscored the significance of urban microclimates for human comfort, health, and building/urban energy efficiency. However, analyzing urban microclimates requires considering a complex array of outdoor parameters within computational domains at the city scale over a longer period than indoors. As a result, numerical methods like Computational Fluid Dynamics (CFD) become computationally expensive when evaluating the impact of urban microclimates. The rise of deep learning techniques has opened new opportunities for accelerating the modeling of complex nonlinear interactions and system dynamics. Recently, the Fourier Neural Operator (FNO) has been shown to be very promising in accelerating solving the Partial Differential Equations (PDEs) and modeling fluid dynamic systems. In this work, we apply the FNO network for real-time three-dimensional (3D) urban microclimate simulation. For modeling large-scale urban microclimate problems, CityFFD simulates urban microclimate features based on the semi-Lagrangian approach and fractional stepping method with the Smagorinsky large eddy simulation model. In our simulation, the 1200 sequential time steps are used as training data. We retain and analyze the data from all stages, including the spin-up period, because we wish to understand how the flow develops transiently from initial conditions, and both one-step and sequential timestep predictions are analyzed. When applied to unseen data with different wind directions, the FNO model has a 0.3% one-step prediction error and a maximum error of 5%. A real-time simulation of urban microclimates in 3D is possible with the FNO approach, which is 25 times faster than the traditional numerical solver.",
_5227d9b2b9,Raissi2017,2017,a,"We introduce physics informed neural networks – neural networks that are trained to solve supervised learning tasks while respecting any given law of physics described by general nonlinear partial difefrential equations. In this second part of our two-part treatise, we focus on the problem of data-driven discovery of partial differential equations. Depending on whether the available data is scattered in space-time or arranged in fixed temporal snapshots, we introduce two main classes of algorithms, namely continuous time and discrete time models. The efefctiveness of our approach is demonstrated using a wide range of benchmark problems in mathematical physics, including conservation laws, incompressible fluid flow, and the propagation of nonlinear shallow-water waves.",
_9b927b36f3,Raissi2019,2019,a,"We introduce physics-informed neural networks – neural networks that are trained to solve supervised learning tasks while respecting any given laws of physics described by general nonlinear partial differential equations. In this work, we present our developments in the context of solving two main classes of problems: data-driven solution and data-driven discovery of partial differential equations. Depending on the nature and arrangement of the available data, we devise two distinct types of algorithms, namely continuous time and discrete time models. The first type of models forms a new family of data-efcfiient spatio-temporal function approximators, while the latter type allows the use of arbitrarily accurate implicit Runge–Kutta time stepping schemes with unlimited number of stages. The effectiveness of the proposed framework is demonstrated through a collection of classical problems in fluids, quantum mechanics, reaction–diffusion systems, and the propagation of nonlinear shallow-water waves.",
_61dc455c3c,Seo2024,2024,a,"Optimization tasks are essential in modern engineering fields such as chip design, spacecraft trajectory determination, and reactor scenario development. Recently, machine learning applications, including deep reinforcement learning (RL) and genetic algorithms (GA), have emerged in these real‑world optimization tasks. We introduce a new machine learning‑based optimization scheme that incorporates physics with the operational objectives. This physics‑informed neural network (PINN) could find the optimal path in well‑defined systems with less exploration and also was capable of obtaining narrow and unstable solutions that have been challenging with bottom‑up approaches like RL or GA. Through an objective function that integrates governing laws, constraints, and goals, PINN enables top‑down searches for optimal solutions. In this study, we showcase the PINN applications to various optimization tasks, ranging from inverting a pendulum, determining the shortest‑time path, to finding the swingby trajectory. Through this, we discuss how PINN can be applied in the tasks with different characteristics.",
_d4811cdf0a,Sousa2024,2024,a,"This study addresses the importance of enhancing traditional fluid-flow solvers by introducing a Machine Learning procedure to model pressure fields computed by standard fluid-folw solvers. The conventional approach involves enforcing pressure–velocity coupling through a Poisson equation, combining the Navier–Stokes and continuity equations. The solution to this Poisson equation constitutes a substantial percentage of the overall computational cost in fluid flow simulations, therefore improving its efficiency can yield significant gains in computational speed. The study aims to create a versatile method applicable to any geometry, ultimately providing a more efficient alternative to the conventional pressure solver. Machine Learning models were trained with folw fields generated by a Computational Fluid Dynamics solver applied to the confined folw over multiple geometries, namely wall-bounded cylinders with circular, rectangular, triangular, and plate cross-sections. To achieve applicability to any geometry, a method was developed to estimate pressure fields in fixed-shape blocks sampled from the flow domain and subsequently assemble them to reconstruct the entire physical domain. The model relies on multilayer perceptron neural networks combined with Principal Component Analysis transformations. The developed Machine Learning models achieved acceptable accuracy with errors of around 3%. Furthermore, the model demonstrated enhanced computational efficiency, outperforming the classical PISO algorithm by up to 30 times.",
_517cbc5c8b,Tominaga2023,2023,a,"This review outlines historical and recent research progress on the accuracy of computational fluid dynamics (CFD) simulations of urban aerodynamics and microclimates and clarifies future research directions and significant challenges for accuracy and reliability using CFD in this field. First, the development and accepted concepts of verification and validation (V&V) and uncertainty quantification (UQ) in general computer simulations and CFD are reviewed. Subsequently, progress made in V&V and UQ for urban aerodynamics and microclimate CFD simulations is described. The required or acceptable accuracy in this field has been discussed in several studies; however, challenges specific to applying CFD in this area should be recognized considering that the target phenomenon in urban aerodynamics and microclimates is complex. In addition, constructing a conceptual model is challenging and has many uncertainties. Furthermore, this field is characterized by significant spatial distributions of physical quantities, such as wind speed, temperature, and other scalar variables; thus, specific validation metrics and multilateral methods, including a conventional profile comparison, should be used. Therefore, the V&V and UQ processes should be implemented thoroughly, considering the characteristics of urban aerodynamics and microclimates. Discussions presented in this paper are of utmost importance and very timely in terms of simulation quality controls, especially during this new era of machine learning and artificial intelligence-based models that started being applied to urban aerodynamics and microclimate predictions.",
_035b5b6c3c,Urban2024,2024,a,"This study investigates the potential accuracy boundaries of physicsinformed neural networks, contrasting their approach with previous similar works and traditional numerical methods. We find that selecting improved optimization algorithms significantly enhances the accuracy of the results. Simple modifications to the loss function may also improve precision, offering an additional avenue for enhancement. Despite optimization algorithms having a greater impact on convergence than adjustments to the loss function, practical considerations often favor tweaking the latter due to ease of implementation. On a global scale, the integration of an enhanced optimizer and a marginally adjusted loss function enables a reduction in the loss function by several orders of magnitude across diverse physical problems. Consequently, our results obtained using compact networks (typically comprising 2 or 3 layers of 20-30 neurons) achieve accuracies comparable to finite difference schemes employing thousands of grid points. This study encourages the continued advancement of PINNs and associated optimization techniques for broader applications across various fields.",
_92b2193507,Wang2024,2024,a,"Abstract Physics-informedneuralnetworks(PINNs) have been an effective tool for approximating the mapping between points in the spatio-temporal domain and solutions of partial differential equations (PDEs). However, there are still some challenges in dealing with the nonlinear characteristics and complexity of the Navier– Stokes (N–S) equations. In this paper, the improved adaptiveweightingPINNsbasedontheGaussianlikelihood estimation are applied to solve the N–S equations. The weights of the different loss items are allocated adaptively by the maximum likelihood estimation. The improved network structure has been designed with consideringboththeglobalandlocalinformation,making it easier to capture the part of PDEs solution with drastic changes. A combinational method of the numerical differentiation (ND) and the automatic differentiation (AD) is proposed to compute the differential operators, with the improved computational effciiency. The",
_d9dab092a5,Wang2024,2024,a,derivative operation of the convection and pressuregradient terms was carried out using the combined method in solving the incompressible N–S equations. The results show that the effectiveness and training efficiency of this method are better than PINNs.,
_94ab927ca5,Wang2024,2024,a,"While the popularity of physics-informed neural networks (PINNs) is steadily rising, to this date PINNs have not been successful in simulating dynamical systems whose solution exhibits multi-scale, chaotic or turbulent behavior. In this work we attribute this shortcoming to the inability of existing PINNs formulations to respect the spatio-temporal causal structure that is inherent to the evolution of physical systems. We argue that this is a fundamental limitation and a key source of error that can ultimately steer PINN models to converge towards erroneous solutions. We address this pathology by proposing a simple re-formulation of PINNs loss functions that can explicitly account for physical causality during model training. We demonstrate that this simple modification alone is enough to introduce significant accuracy improvements, as well as a practical quantitative mechanism for assessing the convergence of a PINNs model. We provide state-of-the-art numerical results across a series of benchmarks for which existing PINNs formulations fail, including the chaotic Lorenz system, the Kuramoto–Sivashinsky equation in the chaotic regime, and the Navier-Stokes equations in the turbulent regime. To the best of our knowledge, this is the first time that PINNs have been successful in simulating such systems, introducing new opportunities for their applicability to problems of industrial complexity.",
_380de01cd8,Wang2024a,2024,a,"Computational Fluid Dynamics (CFD) is crucial in engineering applications such as aerospace and bioengineering, but it often require substantial computational resources. Learning-based simulation methods have the potential to accelerate the computation process but may require a large amount of data. This paper addresses the challenge of data-intensive demands in learning physics-based fluid simulation model by investigating the data efficiency of Physics-Informed Neural Networks (PINNs) for fluid dynamics. It quantifies the minimal data requirements for training PINNs, highlighting their potential to overcome the limitations of traditional CFD methods in resource-constrained environments. By establishing data efficiency benchmarks, our research supports the broader applicability of PINNs across various industries, including aerospace and environmental monitoring.",
_6b7c3076ee,Wei2023,2023,a,"Obtaining a detailed indoor airflow field is important for the accurate and efficient control of indoor environmental comfort. Traditional computational fluid dynamics (CFD) methods and CFD-based surrogate models are time-consuming and sometimes produce inaccurate results because of difficulties in reproducing accurate inlet boundary conditions. Artificial neural networks (ANN) can be utilized to reconstruct indoor airflow fields directly from measurement data without building a large inaccurate and time-consuming CFD database. However, as a purely data-driven method, a normal ANN can yield unphysical results. A physics-informed neural network (PINN) is one possible solution. In this study, a PINN was introduced to reconstruct an indoor airflow field basing on measurement data (without inlet boundary conditions), and compared with ANN. The results show that the PINN produced more physical results than the ANN and is more tolerant to a reduction in the number of measurement points. In specific cases, the mean errors of the PINN results for the 98-, 32, and 16 point cases were 89%, 79%, and 70% of those of the ANN results, respectively. The PINN showed practical application potential in cases where the amount of measured data was relatively small. Comparing to traditional CFD, PINN can reconstruct the detailed airflow field directly from measurement data, avoiding inaccurate simulation conditions. Meanwhile, PINN saved 42% calculation time, comparing to CFD. Moreover, there is a potential of PINN in using less time to apply a trained PINN to a new case by transfer learning, where however CFD needs to recalculate a new case.",
_f7049831fd,Wu2024,2024,a,"Improving the urban wind climate yields substantial advantages, encompassing enhanced public health, increased pedestrian safety, improved building energy efficiency, and effective heat stress mitigation. In the past two decades, the prominence of surrogate models in urban wind environment studies has grown remarkably. These models efficiently approximate dynamic wind behaviors, expediting predictions and compressing design cycles from months to days. Constructing an accurate and reliable surrogate model requires careful consideration of four crucial aspects: problem formulation, sample selection, surrogate modeling, and uncertainty quantification. Problem formulation necessitates the selection of surrogate predictors and response variables to faithfully represent the relationship between building/urban form and wind behaviors. While sample selection can be executed through four major methods, including the classic and modern design of experiment methods, adaptive and intelligent sampling method, and generative design techniques. Furthermore, this paper conducts a comprehensive review of the latest literature to juxtapose the advantages and limitations of diverse surrogate models, and it also unveils key strategies for constructing effective surrogate models. Additionally, the study underscores an often-overlooked aspect in surrogate optimization studies—the quantification of uncertainty in surrogate predictions, an important element for ensuring design robustness. To address this, we discuss three approaches for quantifying surrogate model prediction errors: deterministic, possibilistic, and probabilistic methods. Finally, we introduce a novel rule-based approach for surrogate model construction. This approach not only prioritizes robustness of surrogate models but also provides solutions for improving the urban wind environment across varying design problem scales, design sample sizes, and levels of urban airflow non-linearity.",
_ae54dba7a7,Zhong2023,2023,a,"The wind microclimate plays an important role in architectural design, and computational fluid dynamics is a method commonly used for analyzing the issue. However, due to its high technical diffciulty and time-consuming nature, it limits the interaction and exploration between designers and environment performance analyses. To address the issue, scholars have proposed a series of approximation models based on machine learning that have partially improved computational efficiency. However, these methods face challenges in terms of balancing applicability, prediction accuracy, and sample size. In this paper, we propose a method based on the classic Vggnet deep convolutional neural network as the backbone to construct an approximate model for predicting steady-state folw fields in urban areas. The method is trained on a small amount of sample data and can be extended to calculate the wind environment performance. Furthermore, we investigated the differences between geometric representation methods, such as the Boolean network representation and signed distance function, as well as different structure models, such as Vgg-CFD-11, Vgg-CFD-13, Vgg-CFD-16, and Vgg-CFD-19. The results indicate that the model can be trained using a small amount of sample data, and all models generally possess the ability to predict the wind environment. The best performance on the validation set and test set was achieved with an RMSE (Root Mean Square Error) of 0.7966 m/s and 2.2345 m/s, respectively, and an R-Squared score of 0.9776 and 0.8455. Finally, we embedded the best-performing model into an architect-friendly urban comprehensive analysis platform, URBAN NEURAL-CFD.",
_92ac761623,Cai2021,2021,f,"In the last 50 years there has been a tremendous progress in computational fulid dynamics (CFD) in solving numerically the incompressible and compressible Navier–Stokes equations (NSE) using fniite elements, spectral, and even meshless methods [1–4].",
_5c2a97d250,Toparlar2017,2017,j,"The United Nations (UN) and the World Bank anticipate a rapid increase of the percentage of the world population living in urban areas within the course of the 21st century [1,2] (Fig. 1). This change is expected to occur due to the increase in the number of cities, migration from rural to urban areas and transformation of some rural settlements into urban areas [3]. Recently, making “cities and human settlements climate resilient and sustainable” is marked as one of the sustainable development goals by the UN [4]. As a result, research on sustainable habitats and related topics is gaining importance and will continue to do so in the coming years [5].","1. Global urbanization is rapidly increasing.
2. The UN and World Bank predict a significant rise in urban population.
3. Urbanization is driven by city growth, rural-urban migration, and rural-to-urban transformation.
4. Sustainable urbanization is a UN priority.
5. Research on sustainable habitats is gaining importance."
_73003b839f,Kong2021,2021,j,"Such urbanization has contributed to urban climate change due to the replacement of natural elements (e.g., water, vegetation) with artificial heat-absorbing features (e.g., concrete, asphalt) that have a relatively low albedo, high solar absorption and high heat capacity [1–7]. These impervious materials can also reduce evapotranspiration, thus reducing latent heat flux and altering the urban thermal environment [4,7–12]. In terms of urban morphology development in the vertical direction, the increasing height of buildings can not only trap the outgoing radiation due to in-canyon reflections but also reduce turbulence transfer and overall ventilation in dense urban environments as a result of increased surface roughness [3,4,7]. Moreover, the released anthropogenic heat from human activities, such as traffci and air conditioning systems, also increases heat accumulation in urban areas [4,6,7]. As a result, cities often present a higher ambient temperature than their surrounding suburban and rural areas, especially at night, and this phenomenon is widely known as urban heat island (UHI) [4,13,14].",
_9251781740,FernandezdelaMata2023,2023,c,"Unlike standard numerical methods, PINNs lack a mathematical basis that guarantees their convergence to reliable solutions. Moreover, numerous hyperparameters must be set before the training phase, resulting in many possible configurations. There is not yet much knowledge about the performance of each hyperparameter and the best configurations for PINN training.","1. Lack of Mathematical Basis for Convergence: PINNs do not have a mathematical basis that guarantees their convergence to reliable solutions, unlike standard numerical methods.
2. Numerous Hyperparameters: PINNs require the setting of numerous hyperparameters before the training phase.
3. Multiple Configurations: The need to set many hyperparameters results in numerous possible configurations.
4. Limited Knowledge on Hyperparameter Performance: There is limited knowledge about the performance of each hyperparameter.
5. Uncertainty in Best Configurations: The best configurations for PINN training are not yet well understood."
_3117f71cf2,Toparlar2017,2017,j,"Urban settlements are formed by replacing natural surroundings by urban environments and the latter create their own, unique microclimates.1 In his pioneering publication “the Climate of London”, Luke Howard [6] documented that urban microclimates can be substantially difefrent from their rural counterparts as the former tend to produce and retain more heat and are therefore characterized by higher temperatures. This phenomenon is commonly known as the Urban Heat Island (UHI) efefct, a term frist used by Manley in 1958 [7], although Erell et al. [8] mention it might have been coined earlier.","1 - Formation and Impact of Urban Microclimates
1.1 Urban settlements replace natural surroundings with urban environments.
1.2 Urban environments create unique microclimates.
2 - Pioneering Research
2.1 Luke Howard documented urban microclimates in “The Climate of London.” 2.2 Urban microclimates differ significantly from rural ones.
2.3 Urban areas tend to produce and retain more heat, leading to higher temperatures.
3 - Urban Heat Island (UHI) Effect
3.1 The phenomenon where urban areas are warmer than their rural surroundings. 3.2 Term “Urban Heat Island” first used by Manley in 1958.
3.3 Possible earlier usage of the term as mentioned by Erell et al."
_0d7062d8cf,Toparlar2017,2017,j,"Computational simulations can be employed to study urban microclimate at difefrent spatial scales, ranging from the meteorological mesoscale over the meteorological microscale to the building scale and the indoor environment [16,19,29] (Fig. 2).",
_0502f1d32a,Toparlar2017,2017,j,"CFD can be utilized for the analysis of the microclimate around individual buildings, which is classified as the building scale with typical distances less than 100 m.",
_5e37a3792a,Cai2021,2021,p,"Physics-informed learning [7], introduced in a series of papers by Karniadakis’s group both for Gaussian-process regression [8,9] and physics-informed neural networks (PINNs) [10], can seamlessly integrate multifidelity/multimodality experimental data with the various Navier–Stokes formulations for incompressible folws [11,12] as well as compressible folws [13] and biomedical folws [14]. PINNs use automatic differentiation to represent all the differential operators and hence there is no explicit need for a mesh generation. Instead, the Navier–Stokes equations and any other kinematic or thermodynamic constraints can be directly incorporated in the loss function of the neural network (NN) by penalizing deviations from the target values (e.g., zero residuals for the conservation laws) and are properly weighted with any given data, e.g., partial measurements of the surface pressure. PINNs are not meant to be a replacement of the existing CFD codes, and in fact the current generation of PINNs is not as accurate or as effciient as high-order CFD codes [2] for solving the standard forward","1. Physics-Informed Learning Introduction: Physics-informed learning was introduced by Karniadakis's group for both Gaussian-process regression and physics-informed neural networks (PINNs).
2. Integration of Multifidelity/Multimodality Data: Physics-informed learning can integrate multifidelity/multimodality experimental data with various Navier–Stokes formulations for incompressible, compressible, and biomedical flows.
3. Automatic Differentiation in PINNs: PINNs use automatic differentiation to represent differential operators, eliminating the need for mesh generation.
4. Incorporation of Constraints in Loss Function: The Navier–Stokes equations and other constraints are incorporated directly into the neural network's loss function by penalizing deviations from target values, such as zero residuals for conservation laws.
5. Weighting with Data: Constraints are properly weighted with any given data, such as partial measurements of surface pressure.
6. PINNs as a Complement, Not Replacement: PINNs are not intended to replace existing CFD codes. The current generation of PINNs is not as accurate or efficient as high-order CFD codes for solving standard forward problems."
_b06bd2b163,Faroughi2022,2022,s,"included). In the last decade, breakthroughs in DL and computing power have enabled the use of DL in a broad variety of scientific computing, especially in fluid mechanics [1, 10, 11],",
_7a88854d96,Faroughi2022,2022,p,"Thus, it is logical to leverage the wealth of prior knowledge, the underlying physics, and domain expertise to further constrain these models while training on available, sparse data points. Neural networks (NNs) are better suited to digest physical-driven or knowledge-based constraints during training. Based on how the underlying physics is incorporated, the authors categorized neural network applications in scientific computing into three separate types: (i) physics-guided neural networks (PgNNs), (ii) physics-informed neural networks (PiNNs), and (iii) physics-encoded neural networks (PeNNs).",
_23302bb0ca,Faroughi2022,2022,p,"The PiNN-based models respect the physical laws by incorporating a weakly imposed loss function consisting of the residuals of physics equations and boundary constraints. They leverage automatic differentiation [47] to differentiate the neural network outputs with respect to their inputs (i.e., spatiotemporal coordinates and model parameters). By minimizing the loss function, the network can closely approximate the solution [48, 49]. As a result, PiNNs lay the groundwork for a new modeling and computation paradigm that enriches DL with long-standing achievements in mathematical physics [38, 44]. The PiNN models face a number of limitations relating to theoretical considerations (e.g., convergence and stability [50, 6, 51]) and implementation considerations (e.g., neural network design, boundary condition management, and optimization aspects) [40, 10]. In addition, in cases where the explicit form of differential equations governing the complex dynamics is not fully known a priori, PiNNs encounter serious limitations [52]. For such cases, another family of DL approaches known as physics-encoded neural networks (PeNN) has been proposed [40].","1. Respecting Physical Laws: PiNN-based models incorporate physical laws by using a weakly imposed loss function consisting of the residuals of physics equations and boundary constraints.
2. Automatic Differentiation: These models leverage automatic differentiation to differentiate neural network outputs with respect to their inputs (spatiotemporal coordinates and model parameters).
3. Minimizing the Loss Function: By minimizing the loss function, the network can closely approximate the solution.
4. New Modeling Paradigm: PiNNs establish a new modeling and computation paradigm that enriches deep learning with long-standing achievements in mathematical physics.
5. Limitations: PiNN models face limitations in theoretical considerations (e.g., convergence and stability) and implementation considerations (e.g., neural network design, boundary condition management, and optimization).
6. Unknown Differential Equations: PiNNs encounter serious limitations when the explicit form of differential equations governing complex dynamics is not fully known a priori.
7. Alternative Approach - PeNN: For cases where the explicit form of differential equations is not known, another deep learning approach called physics-encoded neural networks (PeNN) has been proposed."
_138bf22656,Karniadakis2021,2021,f,"In the past 50 years, there has been tremendous progress in understanding multiscale physics in diverse applications, from geophysics to biophysics, by numerically solving partial differential equations (PDEs) using finite differences, finite elements, spectral and even meshless methods.",
_1b4c007026,Karniadakis2021,2021,m,"This is where and why observational data play a crucial role. With the prospect of more than a trillion sensors in the next decade, including airborne, seaborne and satellite remote sensing, a wealth of multi-f idelity observations is ready to be explored through data-d riven methods. However, despite the volume, velocity and variety of available (collected or generated) data streams, in many real cases it is still not possible to seamlessly incorporate such multi-f idelity data into existing physical models.",
_f837905611,Karniadakis2021,2021,m,"It can explore massive design spaces, identify multi- dimensional correlations and manage ill- posed problems.",
_10c58d058c,Karniadakis2021,2021,p,"Moreover, purely data- driven models may fit observations very well, but predictions may be physically inconsistent or implausible, owing to extrapolation or observational biases that may lead to poor generalization performance.",
_bbe9c7fe05,Karniadakis2021,2021,p,"Therefore, there is a pressing need for integrating fundamental physical laws and domain knowledge by ‘teaching’ ML models about governing physical rules, which can, in turn, provide ‘informative priors’ — that is, strong theoretical constraints and inductive biases on top of the observational ones. To this end, physics- informed learning is needed, hereby defined as the process by which prior knowledge stemming from our observational, empirical, physical or mathematical understanding of the world can be leveraged to improve the performance of a learning algorithm.",
_3fa53e6516,Karniadakis2021,2021,p,"The figure below schematically illustrates three possible categories of physical problems and associated available data. In the small data regime, it is assumed that one knows all the physics, and data are provided for the initial and boundary conditions as well as the coefficients of a partial differential equation. The ubiquitous regime in applications is the middle one, where one knows some data and some physics, possibly missing some parameter values or even an entire term in the partial differential equation, for example, reactions in an advection–diffusion–reaction system. Finally, there is the regime with big data, where one may not know any of the physics, and where a data-d riven approach may be most effective, for example, using operator regression methods to discover new physics. Physics-i nformed machine learning can seamlessly integrate data and the governing physical laws, including models with partially missing physics, in a unified way. This can be expressed compactly using automatic differentiation and neural networks7 that are designed to produce predictions that respect the underlying physical principles.","1. Small Data Regime: Assumes complete knowledge of the physics, with data provided for initial and boundary conditions as well as the coefficients of a partial differential equation (PDE).
2. Middle Data Regime: The most common in applications, where some data and some physics are known, but some parameter values or entire terms in the PDE might be missing (e.g., reactions in an advection–diffusion–reaction system).
3. Big Data Regime: Assumes little or no knowledge of the physics, relying on a data-driven approach to discover new physics, such as using operator regression methods.
4. Integration of Data and Physics in Machine Learning: Physics-informed machine learning integrates data with governing physical laws, even when some physics is missing, in a unified manner.
5. Use of Automatic Differentiation and Neural Networks: Utilizes automatic differentiation and neural networks to ensure predictions respect underlying physical principles."
_e21a74bda7,Karniadakis2021,2021,p,"However, such approaches can be limited to accounting for relatively simple symmetry groups (such as translations, permutations,�reflections,�rotations�and�so�on)�that�are�known�a priori,�and�may�often� lead to complex implementations that are difficult to scale.",
_77021bd608,Karniadakis2021,2021,p,"•�learning biases can be introduced by appropriate choice of loss functions, constraints and inference algorithms that can modulate the training phase of an ml model to explicitly favour convergence towards solutions that adhere to the underlying physics. By using and tuning such soft penalty constraints, the underlying physical laws can only be approximately satisfied; however, this provides a very flexible platform for introducing a broad class of physics- based biases that can be expressed in the form of integral, differential or even fractional equations.",
_60b68b6f70,Low2022,2022,m,"With the rapid increase in computing power in the past two decades, machine learning has increasingly found utility as a remarkable tool for a wide range of problems spanning image recognition and natural language processing [1].",
_046f07c132,Low2022,2022,f,"Excitingly, machine learning has also seen some success when applied to engineering problems such as physical simulations. This includes the prediction of flow past airfoils derived from CFD simulations [2], [3], incompressible laminar flows [4], and other complex physics phenomena [5]. ",
_2d42e912ac,Low2022,2022,j,"measurement can be a major confounding factor. Thus, urban developers and planners, like the Housing Development Board (HDB) of Singapore, frequently turn to high-fidelity numerical simulations, including computational fluid dynamics (CFD) simulations, to estimate attributes such as wind profile for various possible urban layouts.",
_04fe0e6e18,Low2022,2022,f,"Despite efforts to reduce the computation time of these simulations across decades of developments in scientific computing, these simulations remain extremely time consuming today. Due to the computational complexity of such simulations, it is extremely expensive to adopt these simulations for large scale applications. Thus, these high-fidelity computer simulations face challenges for widespread adoption in extensive and systematic optimization. ",
_5dcbbb8a04,Low2022,2022,o,"This study thus sets out to unify these different branches of development by evaluating the utility of machine learning as a computationally effciient surrogate model for important urban characteristics across diverse urban layouts. An example of these important characteristics is pedestrian-level wind velocity, which is frequently evaluated for pedestrian comfort [13]–[15] via numerical simulations. Crucially, these measures typically involve multiple runs of time-consuming CFD simulations, comprising dozens of scenarios spanning inflow from multiple directions and/or wind velocities, further emphasizing the extremely costly nature of such evaluations. ",
_dfc32d9e86,Low2022,2022,j,"Urban planners globally have increasingly adopted the use of high-fidelity computer simulations to simulate and understand urban characteristics such as wind ventilation. In particular, the Architecture Institute of Japan (AIJ) previously published the Guidebook for CFD Predictions of Urban Wind Environment for the simulation of wind ventilation around buildings at the pedestrian levels, which were subsequently validated with wind tunnel benchmark tests [18]. Other studies such as [19], [21] and [22] have focused on instituting best practices for the use of CFD for studying urban characteristics such as human thermal comfort. ",
_9027eac03c,Low2022,2022,k,"Hence, for this work, computational fluid dynamics (CFD) simulations were run in accordance with these prior guidelines for urban-scale simulations using the open source toolbox, OpenFOAM. A brief description of the modelling choices is provided in the rest of this Section. ",
_9b6e2ee261,Sousa2024,2024,o,"In this work, several fluid flow simulations were computed using the open-source CFD software OpenFOAM v6 [28] to construct multiple datasets. An algorithm capable of dealing with any geometry was designed and used to construct ML surrogate models capable of solving the pressure Poisson equation in CFD solvers. The novelty of the proposed approach is in its flexibility to tackle any kind of geometry by ensuring the neural network (NN) is decoupled from the CFD mesh. This enables the application of a trained surrogate model to any flow domain. Furthermore, application to different flow regimes was attempted by taking advantage of the the structure of the Poisson system of equations, as it was independent of assuming laminar or turbulent regime when solving the flow, the latter employing eddy-viscosity turbulence models. ",
